text,topic,probability,topic_label
"i am writing you to file a complaint about an unresolved issue with my credit card chase and their benefit and travel departments. this has been my second travel related credit issue with chase. my first experience with chase was also about a credit that they were supposed to process. chase was either unresponsive or slow. i finally ended up contacting the airlines directly and got a much quicker response and resolution from them. 

my more recent issue with chase has been my most stressful and frustrating experience when dealing with any credit card company or for that matter any other company that offers products or services. i am a chase sapphire card holder who has been using the card regularly for purchases amounting to hundreds or thousands of dollars every month. i have an excellent payment history with most of the bills paid in full every month. 


in xxxx  of 2019, i bought my xxxx airline ticket for an overseas trip through chase using my accumulated chase points. my father passed away overseas a week before my trip. i had to cancel my original trip and leave immediately so i called chase to cancel my ticket. despite, under a lot of stress and in grief, i had to be on the phone with them for hours. i was put on long holds, transferred to different departments and still did not receive a definitive answer about cancelation of my trip and credit to my account. 


according to the last customer representative that i spoke with that night, they had to send an email to a different department and that i could follow up with them the following week by tuesday or wednesday as they would have processed my cancelation by then. unfortunately, it is extremely difficult, if not impossible, to be calling from overseas and be on the phone with the credit card company for hours. i had to authorize my husband to follow up on my behalf the following week before his upcoming trip overseas as he had to leave on xx/xx/xxxx, which was our original plan. 


my husband called them few times and went through the same process of being on the phone for hours either being on hold or being transferred to different departments. he spoke with the main customer service, the benefits and the chase travel. initially, a representative advised him to contact xxxx  directly to cancel my ticket. finally, after further research, the same representative that he spoke to in the benefit department told him that we should expect to receive a credit because of the death in the family, the representative assigned us a case number and told my husband that chase would get the refund from xxxx on our behalf. according to him, all we needed was a death certificate. since we were both expected to be out of the country for few weeks, the representative told my husband that the credit could be processed anytime upon our return or soon after the chase received the death certificate from us. 

in xxxx, while still overseas, i received an e-mail on xxxx, xxxx from xxxx in chase travel who was following up with the death certificate. i e-mailed chase travel department the scanned copy of the death certificate as soon as it became available to me. i even e-mailed them a translation of the death certificate which was neither required by chase or xxxx. i sent it to xxxx who had contacted me on xxxx, xxxx by responding to her e-mail from xxxx, xxxx and then forwarded it again to her to make sure that they received it. for personal and family reasons, i ended up staying a little longer than expected and retuned to the united states on xxxx. there was still no acknowledgment from xxxx or anyone from chase travel or any other department acknowledging the receipt of my e-mail from xxxx or any other update. soon after my return, i had to send the travel department my father 's death certificate for the third time and even tried to follow up with a phone call. i also tried to send them an e-mail on xx/xx/xxxx, expressing my disappointment and requesting an update. i also tried to correspond with chase customer service and chase travel through my online chase account. 

chase travel finally responded with an acknowledgement through an e-mail that they had received and located the death certificate that i had sent them. the e-mail was from xxxx, one of the travel consultant supervisor for chase travel. according to her, they had forwarded the death certificate to xxxx. she apologized for my experience with them and also asked me to disregard any other emails from them requesting documentation. during this whole ordeal with chase, i had contacted xxxx numerous times and spoke to different representatives. according to xxxx, in order for chase to process my credit, they didn't need to forward the death certificate to xxxx. 

in one of my initials calls to chase after my return to the united states, i found out that the case number / reference number assigned to us and given to my husband by the by chase benefits department in xxxx could not be used as a reference because i was told that it did not exist in their system. in xxxx and xxxx, i spoke to several people and few supervisors hoping that they could resolve my issue. customer service agents who seemed willing to help did not have the authority to resolve my issue as there was no outcome and i ended up wasting several hours without any resolution in sight. 

there was one supervisor in chase travel department, which was probably being managed by xxxx, named xxxx, whom i ended up speaking with twice. during our brief conversation, she flatly refused to help me or answer any questions. she had the most condescending attitude that i have ever experienced from an agent affiliated with any company. she refused to give me an update or call xxxx. she refused to transfer me to her manager or anyone that could assist me. to top it all, she told me i needed a proof that i was related to the deceased which was contrary to what i had been told up till that point that all i needed was a death certificate. i called xxxx and according to them, a proof of relationship was not necessary or required. xxxx told me that it was their policy that all that was needed was a death certificate and chase should have processed my credit as soon as they received it. 

in xxxx, i emailed and i called chase few times and each time i was promised that a supervisor would get back to me which never happened. one of the last representatives that that i spoke with was on xxxx, xxxx, who was from chase benefits department. to my utter shock and surprise, he told me that they didn't have any type of claim for me on file. i was beyond hope at that point. he then transferred me once again to their travel department. the representative there told me that they were still waiting to hear from xxxx. i requested to speak with a supervisor and she told me it would be two hours before i could speak with one. she promised that a supervisor would call me back but as always, i never heard from anyone. 

after several weeks on the phone with chase and after speaking to xxxx multiple times who repeatedly told me that the delay was from chase, i finally decided that i would wait and see if the issue would be resolved. today is xx/xx/xxxx and chase has still not processed my credit and followed up or called back in response to any of my previous phone calls even when they promised that i would receive a phone call. 

i have finally decided that i am going to file a formal complaint with every private, state and federal consumer protection agency or organization. i would share my experience on any relevant online or offline forums available to me. i have been a great customer. i may have been frustrated with my experience but have always been respectful in my communications with chase or its representatives. i have been managing my credit responsibly over the years, had several premium credit card offers as i had met their criteria to apply for their cards with similar benefits as chase sapphire. i decided to go with chase and was hopeful that i would take advantage of their travel benefits. i spent thousands of dollars using my chase card even though some of my other cards also offered attractive benefits. 

as stated earlier, i fulfilled my obligation of using credit responsibly and of paying my bills. chase on the other hand, failed to issue me a credit and fulfill its promise. a timely credit, under the circumstances, was my right. it was according to and within the rules set by both the chase and xxxx airlines. unfortunately, i was never able to utilize the points that i had accumulated. a credit card company at the very least should treat every customer with respect, follow their own rules, keep their promises and follow up with their customers and if required and within the rules, be its customer 's adovocate on his or her behalf when dealing with third parties. i feel that chase fell short of these basic standards and expectations. it with deep regret that i have to reconsider my business relationship with them. it is a shame that a well known company like chase offering a premium card such as, chase sapphire and charging a $ xxxx yearly membership fee for it, would have such a poor service. it is either a case of extreme mismanagement by chase or a system deliberately designed in such a way that it only benefits the company at the expense of its customers.",-1,0.0,-1_the_xxxx_to_and
"my dispute is for not receiving services listed below : -- one night at the hotel in xxxx {$730.00} for friday xx/xx/2018. 
-- transportation to the hotel {$170.00} for friday xx/xx/2018. 
-- private city tour of xxxx {$220.00} for friday xx/xx/2018. 
-- xxxx xxxx private tour {$150.00} for friday xx/xx/2018. 
grand total of {$1200.00} reason for not receiving the services was that xxxx cancelled the flight from xxxx to xxxx for mechanical reasons. 
i started the process for the of the refund thru xxxx xxxx, i was told by xxxx xxxx that i needed to request the refund thru xxxx, which i did, i requested the refund and was told by xxxx that since i didn't purchase the ticket directly thru them but it was done thru a 3rd party i needed to go thru xxxx xxxx, i went back to them and was told that they will not refund me. 
i then started a dispute with my credit card chase visa for the charges, the credit card dispute department closed my dispute saying that the vendor stated that i did receive the services which is not true but my credit card closed the dispute after several attempts by me to reopen the dispute.",-1,0.0,-1_the_xxxx_to_and
"a student loan with chase bank, they sold there accounts to xxxx - which now holds my account. this happened back in 2013. though i have made numerous attempts to contact them, they do not respond and they tell me know one works in that department any more so there is no one to contact. because of this, instead of saying sold on my credit report it shows that i am very behind on payments and it is hurting my credit. i have called them and mailed letter, and no response.",-1,0.0,-1_the_xxxx_to_and
"i advised chase of the billing error for goods and services not received. chase refused to file a claim and said i had to call back another day. per reg z a financial institution can be notified in writing, mail, or by phone and the institution must start investigating the billing error once notified. 

call to chase took place on xx/xx/2019. representative said he would simply notate account. i asked when funds would be credited to account, and he ignored the question and ended the call.",-1,0.0,-1_the_xxxx_to_and
"on xx/xx/xxxx i received an advertisement via email that new chase customers could get {$300.00} for opening a new chase total checking account with the set up direct deposit, and an additional {$200.00} for new chase savings customers who open a chase savings account, and deposit a total of {$15000.00} or more in new money within 20 business days, and maintain a {$15000.00} balance for 90 days. i careful read all of the disclosures and was sure to follow all steps correctly to be eligible for both offers to receive the combined {$500.00} offer. i opened my accounts online on chase 's website on xx/xx/xxxx. to date ( xx/xx/xxxx ) i still have not received either offer, despite numerous attempts to work with chase employees to resolve this. ( on xx/xx/xxxx i deposited {$20000.00} into the savings account, well within the 20 business days of account opening. ) when i contacted chase at the  end of xxxx to discuss my concern. i called the customer service line and spoke with a supervisor. he informed me there was nothing he could do without the coupon code. i explained i do not have the coupon code ( at the time ) and the call ended. i later found the coupon code and called back. during this call a lady informed me that regardless of having the coupon code there was nothing that could be done to investigate/resolve this. she then told me the reason i did not receive the bonus offers for opening either account is because i did not enter the coupon code at the time i opened the account online. that was the only reason i did not receive the bonus amounts. 

during the online account opening process chase 's website stated "" if you open the account online, your coupon code will be automatically applied ''. furthermore, the email i received ( will be attached for reference ) specifically states, "" your coupon code will be automatically applied. account ( s ) subject to approval. '' as a result, two sources confirmed that the coupon code would be automatically applied, therefore i don't recall entering the coupon, because it was being added automatically for me. 

i am very frustrated with my chase experience and the lack of payment of these bonus offers i rightfully earned. after phone customer service supervisors told me there was nothing they could do i contacted local branch management. they advised me to contact the phone customer service and said they could not help me. i am very upset about this entire experience. i want to be compensated {$500.00} to cover the {$200.00} and {$300.00} offers i should have earned. i followed all of the terms and disclosures correctly. please investigate this matter and contact me back. thank you",-1,0.0,-1_the_xxxx_to_and
"xxxx xxxx a sofa, love seat, table and chairs and was never delivered. debit card charged {$2400.00}. bank says visa denied claim, we have no furniture and no money.",-1,0.0,-1_the_xxxx_to_and
"i have contacted both chase bank and xxxx xxxx about credit inquiries which i did not initiate. 
both companies assured me they would correct these inaccuracies. in reviewing my credit reports with xxxx amd xxxx none of the companies involved have done so. 
xxxx xx/xx/xxxx and xxxx xxxx xxxx xxxx xx/xx/xxxx i have not applied for credit for over two years",-1,0.0,-1_the_xxxx_to_and
unknown inquire reported on my credit bureau such as xxxx   and xxxx date xx/xx/2019name of company chase auto,-1,0.0,-1_the_xxxx_to_and
"during the summer months, i experience a decline income due to my employment. therefore, i request a one month payment extension with my auto loan company, chase. for the past almost fours years, my request for payment extension is granted. i have never been delinquent with my auto loan payment. however, on xx/xx/2019 my request for a one month payment extension was denied this year. i explained my situation to representative and the supervisor with no avail. after a lengthy discussion and waiting, i was informed the reason for the decline as it is not "" contractual ''. this reason for denial baffled me and therefore i emailed the office of xxxx xxxx executive director, communications, jpmorgan chase & co. a representative contacted me and stated chase will follow-up. about week later a representative of xxxx xxxx xxxx xxxx office called. the representative shared her role was help resolve the matter. the representative via conference call contacted the department handing my request. after, reviewing my information my request was still denied based on "" policy changes ''. i requested an explanation and representative stated a letter will be mailed with explanation. i have received xxxx letters the reason for denial was not "" policy changes ''. i would like cfpb help in exploring the denial of my payment extension request especially since i have been clear reason for denial.",-1,0.0,-1_the_xxxx_to_and
"this complaint is a follow up regarding a complaint # xxxx filed on cfpb. 

the original complaint was regarding a dispute detailed below. 

my laptop was stolen last year and someone used my information to book two flights from two different cities headed to the same destination. i immediately disputed the transactions as soon as i got a notification.i filed the complaint within an hour of getting notification that flights have been booked on my credit card. chase was extremely slow to respond and didnt do due diligence and contact the airline right away to cancel the flight and get me a refund. 
chase did a very poor job at investigating the incident and put the charges back on my credit card without doing a proper investigation. when i asked, i was told that i benefited from the transactions. clearly, i couldnt have flown from two different cities to the same destination. later, the airline also confirmed that i never took benefited from those flights. chase asked me for a bunch of documents and i provided all the documents including the police report for the stolen laptop, proof that the flights were booked under my name. however, the date of births used to book the flights were not mine. clearly, i couldnt have benefited from the services even if i wanted to. 
the way chase handled the dispute was extremely poor and after multiple bad experiences and inability of chase to resolve disputes, i am pretty positive that chase is horrible at resolving disputes. 
i am over that but this complaint i am filing is not about the original claim.please read below about this complaint. 

please read this carefully! 

after this incident, i contacted xxxx and inquired about the flight. they told me that they found too bookings for the same person headed to the same destination from two destinations and cancelled one of the bookings and issued a refund. chase has not contacted xxxx once to resolve this issue. xxxx has confirmed several times that they have issued me a refund and the money has been transferred to my bank account. however, chase hasnt issued me a refund. whenever i contact chase, they give me same old response. the case has been closed. i am not opening the same claim. its a new complaint. xxxx has issued me a refund and it hasnt been given to me by chase. xxxx 's customer service can not connect me to the accounting team and therefore it not possible for me to find the transaction and details.this is chase banks job! connect with them and find out whats going on. instead chase is asking me to contact xxxx and prove that the refund has been issued. xxxx is telling me to have my bank contact their accounting department because its a banks job to resolve this issues.now, i am filing a new complaint demanding my money with interest and all the time chase has wasted. 
i am attaching the documents that xxxx has provided me. chase has asked me to provide these documents. its chase 's job but i am doing this ob their behalf. 

xxxx is clearly stating that the bank has the funds. they have also provided me a document showing that transaction details that the refund was applied to my account. 

please issue me a refund. i have done everything i could have. please, do not close my complaint without issuing me a refund that xxxx has issued a long time ago! 
enough is enough!",-1,0.0,-1_the_xxxx_to_and
"i received a coupon which said "" open or upgrade to chase sapphire banking account. transfer a total of {$75000.00} and maintain it for 90 days. then i will get xxxx ultimate rewards bonus points. so i upgraded my account at a chase bank with the coupon and transfer {$75000.00} to my account on xxxx xxxx. now 90 days past i have not received any points. i called chase customer service they said i have to to the branch which i opened my account to solve the problem. then i went to the branch. a banker checked my account and told me the person who upgraded my account did not apply the coupon successfully. that's why i have not received the coupon. this is really wired because i saw the person who upgrade my account type in the coupon. and it is the bank 's fault. they said i can't get what they promise just because their mistake. this is unacceptable.",-1,0.0,-1_the_xxxx_to_and
"i made a purchase with xxxx xxxx xxxx on xx/xx/2019 in the amount of {$38.00}. i was charged twice for this transaction. i placed a disputes case with chase bank on xx/xx/2019 when i noticed the charge on my account. i called back on sunday, xx/xx/2019 about the provisional credit for the charge and again on monday, xx/xx/2019. i was told the charge had to post before a provisional credit could be provided. i used my debt card on monday, xx/xx/2019 then tried to use it again but it would not work. i went to chase bank on xxxx xxxx xxxx in xxxx xxxx, nevada and was told that my account was closed due to fraudulent activity. i was shocked because i had not reported fraud on my account. i later found out that i was being accused by the disputes department of placing a fraudulent disputes case for the duplicate charge from xxxx xxxx  xxxx. i later contacted xxxx xxxx  xxxx again and was told that they did see a duplicate charge and would credit my account within 3 - 5  days. i contacted the chase disputes department again on monday, xx/xx/xxxx. 2019 and explained thaxxxx xxxx xxxx xxxx would credit my account and that i did not like being accused of making a fraudulent disputes claim. the escalation manager did not care and told me that chase decision on closing my account was final. i had been a customer of chase for xxxx   years. my character has been challenged by the disputes agents and i consider this to be detrimental to my character and slander. 

i am not seeking to keep my account open with chase but i also do not want chase reporting that they closed my checking account involuntarily. 

once again, i do not want chase to have the checking account that i had with them being reflecting on any public records as being closed as involuntary closure by chase. 

i did nothing wrong by filing a disputes claim for the duplicate charge or any other disputes cases that were filed in the past.",-1,0.0,-1_the_xxxx_to_and
"in xxxx of this year chase withdrew money from my escrow account to pay my property taxes. however, they also withdrew money to pay for another property that i do not own or has any connection with me or my account. 

this left me in an escrow shortage and they have adjusted my monthly payment to reflect this as well. i called to explain their mistake, and they took two weeks but finally managed to remove the incorrect parcel from my account. 

however, they are not refunding the erroneous tax payment they made from my escrow account and are instead "" waiting '' for the local municipality to refund the money. 

from my perspective, chase, without my immediate knowledge or permission has misappropriated funds from my escrow account and now i am stuck footing the bill until they get the money back.",-1,0.0,-1_the_xxxx_to_and
"i currently have over xxxx chase ultimate rewards points, which are worth at least {$7500.00}. 

around xx/xx/2018 ( 4 months ago ), when i tried to access my chase ultimate rewards account ( or even activate the 5 % bonus on chase freedom ), i would get shown this page that says "" we are unable to complete your request at this time '' ( image attached as well ) : xxxx : xxxx at first i thought it was just a temporary error ( which isn't uncommon for chase ), but after 2 weeks this was still happening, so i called customer support. they opened a ticket, got escalated to their tech team, but when i would call back to find out what happened, they told me that the case had been closed. this happened 3 times, and each call has taken a lot of time to explain the situation and verify a bunch of information. 

going from ultimaterewards.com and chase.com have the  same result. 

i'm not able to use these points by phone either, because the operators for the travel center are not able to access my account/points neither. 

i've tried every browser, both xxxx and xxxx computers, and the xxxx chase phone application. they all send me to the page that says "" we are unable to complete your request at this time '' on xx/xx/xxxx, i looked up some people that work in ultimate rewards on xxxx, and cold called a vp of customer relations. he acted like he was helpful at first, and we exchanged some emails. he eventually said i can buy a flight/hotel using chase sapphire and if i give him the details, he will deduct the appropriate points and credit my credit card for the purchase. 

long story short, he wasn't able to fix anything. 

i can see that i'm still collecting points, but i haven't been able to access it. 

i travel a lot, and it's become a huge inconvenience that i'm not able to access these points which i intended to use for travel. i need to get this issue resolved asap.",-1,0.0,-1_the_xxxx_to_and
"i am xxxx military member ( xxxx ) with the xxxx. chase auto finance is refusing to pay on the gap insurance/waiver coverage that i purchased at the time i signed the financing agreement. while stationed at xxxx i purchased a xxxx cadillac ats premium and financed the vehicle with chase auto finance. when i purchased the vehicle the original financing agreement included an option to purchase gap insurance for an additional {$690.00}. the provider of the gap insurance was "" xxxx xxxx '' however i was also required to sign a gap waiver addendum which stated that what was purchased was not insurance, but an agreement for chase auto finance to waive any deficiency in the event the vehicle was totaled. chase auto finance agreed in writing for me to ship my vehicle to xxxx when i received military orders re-assigning me to xxxx. the letter explicitly authorized me to drive the vehicle here in xxxx while i am stationed overseas. the vehicle was totaled in an accident. now chase is refusing to honor the gap insurance/waiver provisions because the loss occurred outside of the united states or xxxx. they are also refusing to release the lien on the vehicle so that the salvage value can be recovered and sent to the bank. i simply want chase bank to honor its commitment to cover the deficiency between the insurance payout and the remaining balance on the loan ( {$1300.00} if the salvage value of {$8000.00} is paid ).",-1,0.0,-1_the_xxxx_to_and
"to whom it may concern, chase bank charged wrongly overdraft fees, i have alert of low balance or unsuficent fee balance and always deposit immediatly to cover transactions if needed but chase always changed the order and charged me overdraft fee anyway. when you call they said their per their guidelines they don't refund more then 2 overdrawft doesn't matter bank fault or not.

taken {$34.00} from people is money just because you can is not ok.

see attached documents. when chase refund, they always find the way to take back what they refunded in first place.",-1,0.0,-1_the_xxxx_to_and
"i made a purchase of {$260.00} on xx/xx/xxxx. i made payments of {$160.00} on xx/xx/xxxx and {$260.00} on xx/xx/xxxx. the minimum payment was {$140.00}. the closing date was xx/xx/xxxx ( please see attached statement ). that statement ( xx/xx/xxxx ) shows that i had an outstanding purchase balance of {$230.00} on xx/xx/xxxx. i have enclosed the previous months statement to show that there were no other purchases prior to the one on xx/xx/xxxx. 
however, when i got the xxxx statement, it shows that i still have a purchase balance of {$210.00}. i have a promotional balance (@xxxx ) in xxxx of {$6900.00}. in xxxx, the promotional balance was {$7200.00} - a difference of {$380.00}. 

apparently, the payment ( above the minimum payment required by chase ) i thought would be applied to the purchase (@ 21.49 % ) was applied to the promotional balance first. it is my understanding that once the minimum payment has been met, payments in excess of the minimum would be applied to the highest interest rate balance first. this is not the first time that chase has skirted us financial law to turn a larger profit. i need help in rectifying this problem, because my logic fell on deaf ears at chase. thank you in advance for your assistance. 

respectfully, xxxx xxxx xxxx",-1,0.0,-1_the_xxxx_to_and
"on xx/xx/2018, while trying to book a xxxx  xxxx  ticket, i came across an offer for {$300.00} to be applied towards the ticket if i applied for a rewards card. i put in my information for the offer and within less than a minute, was notified via the screen that a decision could not be made. i immediately contacted xxxx and was referred to chase bank. i then immediately contacted chase bank within no more than 10minutes of getting the notification on the screen and i was told by the chase representative i spoke with that my application was denied but she could not state why. i asked for more information about the xxxx  offer and she explained that even if i had been approved, the credit offer only gets applied after the first account statement and could not be used to purchase the ticket. i then explicitly told her i was glad i got denied and i was absolutely no longer interested in the account. i asked that the application be withdrawn and the representative obliged. this all happened no later than 10mins after putting in the application on xx/xx/2018. notwithstanding my explicit request not to proceed with the application and contrary to what i was told by the chase representative, chase did in fact go ahead to open a credit account in my name on xx/xx/2018. this is now being reported in my credit report and chase has refused to correct this information on my credit report even though they went ahead to process an application which i did not consent to and out of their error.",-1,0.0,-1_the_xxxx_to_and
"my card went missing and i didnt realize it until today, i checked my email and they said there has been deposits and money taken out again. i had {$400.00} in my bank account and its gone.",-1,0.0,-1_the_xxxx_to_and
"on xx/xx/2019 we purchased a service with xxxx xxxx xxxx xxxx ( also known as xxxx   xxxx xxxx xxxx by xxxx xxxx ) for our group of 23 people to go to various islands and snorkeling activities out of xxxx. the bases of the dispute is that xxxx xxxx xxxx xxxx took us to 1 island only and did not follow thru with the itinerary that had been planned out. most of the conversation was over the phone. at the end of the day with much confusion xxxx xxxx xxxx xxxx charged my card {$4400.00} for services not rendered. this is the cause of the dispute. i tried dealing with xxxx xxxx xxxx xxxx and they were not budging on refunding us partial payment due to not following the itinerary that had been planned. so i then went to my credit card chase sapphire dispute department to resolve the issue. after many, many phone calls and months of dealing with this dispute, our credit card has sided with xxxx xxxx xxxx xxxx word over ours on what went on that day. basically xxxx xxxx xxxx xxxx has continuously lied about the events that day and even said they gave us a credit which was also another lie. i have spent so much time on this and can not believe that we as customers with a very good history have to deal with our credit card on this level. 

there was another large group lead by xxxx xxxx on this excursion who also felt they were not given what was promised. that group also disputed the charges and was refunded the money by their credit card company. 

on the attached pdf pages 12 -14 give details of what went wrong that day.",-1,0.0,-1_the_xxxx_to_and
"on xxxx xx/xx/2019, i made a {$300.00} payment to an online retailer using chase quick pay with xxxx on the chase website. i realized that this was a scam website after no confirmation, product, or response to any inquiries regarding the order and contacted chase to get more information about the transaction to attempt getting a refund through the retailers bank. 

i contacted chase via a secured message on xx/xx/2019 explaining what happened and asked "" is there a way to reverse this transaction, or do you have a contact at xxxx that can give me more information about the recipient? '' that xxxx, my message was reviewed and i received a response restating my original email and informing me that "" the transfer has been completed. however, as you mentioned that the website is a scam while we can handle most inquiries by email, some require the expertise of another team. in order to assist you better in regards to the refund we request you to call our consumer online technical support team. '' i called the number listed in the email and explained my situation to then be transferred to the claims department. i was directed to call xxxx and ask them about the transaction because chase did not have any information outside of what i provided when initiating the transfer. i felt like this agent was trying to get me to end the call as quickly as possible and i had to interrupt her closing script to ask for a contact number at xxxx and didn't have an opportunity to get any information about what the right questions would be to ask xxxx or what words and phrases i should use to get the information i was looking for. 

i called xxxx who's automated system initially directed me to call my bank because i used the banks app to initiate the transaction. i called xxxx again to navigate their menus and talk to a customer service agent. they told me that all of the information about the transaction would in chase 's system because i used the banks app to perform the transaction. she stayed on the line with me until i understood everything that i should ask and had a better understanding of the situation. i ended the call and called chase again. 

when i called chase the second time, the agent tried to look up the information about the receiving bank but could not find any additional information. she then asked me why i needed this information and i explained my situation again. i was once again transferred to the claims department, who told me that i needed to contact xxxx to get the information i was looking for. after i told her that i had already contacted them, she finally admitted that there was nothing that she could do due to the nature of the transaction and that these types of transactions are not secured. she said that chase had no information about the recipient other than the email address that i inputted and that the recipients banking information was not kept in the system. in both phone calls, they asked if i initiated that transaction, and used that to absolve themselves of all responsibility in regards to this matter. 

during this whole process, it felt like chase was not transparent about their policies regarding these types of transactions nor were they helpful in helping me get any information about the situation. these transactions are advertised as a "" fast, safe and easy way to send money, '' but seem to be a dangerous way to do business. i feel deceived by chase 's advertising and further victimized by the way i was treated by the members on their customer service team.",-1,0.0,-1_the_xxxx_to_and
"on or about xx/xx/2018, there were two unauthorized transactions made with my atm. the first one around xxxx xxxx., in the amount of {$170.00}. the second transaction was done at around xxxx xxxx. in the amount of {$60.00} and an additional charge of {$2.00} for using a non-chase bank atm. when both of these transactions were made i was asleep at home, ( xxxx, ca ). these transaction were made in the xxxx xxxx  xxxx xxxx, ca and xxxx xxxx, ca which is about 90 miles away from my home in xxxx, ca. 

on xx/xx/2018, i checked my account on my cell phone and noticed there was money missing on my account. i immediately contacted chase and brought the situation to their attention. the representative issue a reimbursement/credit of {$170.00} and {$60.00} to my account. the {$2.00} for using a non-chase atm was not reimbursed. i was under the impression that everything was taken care of and i had nothing to worry about. the bank canceled my atm card due to suspicious account activity and sent me a new atm card without me requesting a new atm card. 

however, on xx/xx/2018, chase bank canceled the reimbursement/credit of {$170.00} and {$60.00} made by to my account. i then contacted chase and i was told that there was nothing the bank can do about this situation, because the withdrawals were made using my pin number. i contacted chase bank a third time and spoke with a "" supervisor '' and was told the same thing, that they can not reimburse/credit my account. i asked the "" supervisor '' if it there was a possibility of obtaining video footage when these transactions were made. i was told that they could not do that.",-1,0.0,-1_the_xxxx_to_and
"with out notice j.p. morgan chase restricted my account by my debit card tuesday xx/xx/2019. on thursday xx/xx/2019 i went into a branch after being advised by a customer service representative that my account would actually be closed. i went into the branch to see how i can remove the funds that are in there currently in as well as if my direct deposit from my place of employment would be returned. the bank associate and the customer service representative assured me that the funds would post but they may take an additional business day. that saturday i attempted to go inside of a branch yet again to retrieve my funds that actually did post on friday, xx/xx/2019. upon looking at my account i realize that the funds have been reversed and no longer were present on my current statement. ive been called and i was told that it may take two business day stating tuesday, xx/xx/xxxx would be the date that my funds would be available to withdraw from a bank teller only. now, chase is informing me that i will be mailed a check into the three business days to recover the funds that are owed to me and left in my account currently. unfortunately, this has put me in an additional financial bind do two fees from late rent late car payments, etc. i am not being a short or giving written notice that these things will actually occur so that i have peace of mind in fact chase has handled my situation grossly i even had a bank teller inform me that my account looks suspicious after giving me a suspicious look myself. although i know that chase reserves the right to close my account at any time i do believe that their protocol has been in the past to give notice in the form of a written document. i am not being a shored or giving written notice that these things will actually occur so that i have peace of mind in fact chase has handled my situation grossly i even had a bank teller inform me that my account looks suspicious after giving me a suspicious look myself. although i know that chase reserves the right to close my account at any time i do believe that their protocol has been in the past to give notice in the form of a written document. this situation is truly affecting my livelihood and they dont seem to want to deal with me professionally. thank you",-1,0.0,-1_the_xxxx_to_and
chase i'm filing a complaint after disputing with all three reporting company 12 times and they are not fixing my problem so i have started lawsuits on all three so now i'm disputing direct with you i found a lot of fcra violation on account xxxx first violation is fcra 623 & 806 b you are not entering the consumer dispute marks on none of the reports after you have verified this account the law states that a creditor must must enter this information because it can not report on the consumer report. this is a violation of the fcra you could be sued {$1000.00} per bureau. violation number two you stated that this account has been closed but you are still reporting a monthly payment this is also a violation of the fcra another {$1000.00} per bureau. so please delete this account asap due to the violation of the fcra the law is very clear as to the civil liability and the remedy available to me if you fail to comply with federal law. i am a litigious consumer and fully intend on pursuing litigation in this matter to enforce my rights under the fcra. chase do not take this as a threat but i'm sick of dealing with the credit reporting company i'm taking action one down and two more court dates coming up here very soon,-1,0.0,-1_the_xxxx_to_and
"i pre-ordered an item on xx/xx/xxxx and paid {$350.00} with a chase credit card. the merchant, xxxx xxxx, gave an estimated product shipment date of "" xx/xx/xxxx. '' after waiting for this item for a significant amount of time, i decided to cancel the order as it did not appear that the item would ever be completed and shipped. on xx/xx/xxxx, i requested a refund from the merchant, xxxx xxxx on xx/xx/xxxx, the merchant stated that my order was cancelled, and the refund would return to the original method of payment in five business days. the original method of payment was a chase credit card that i had since closed. on xx/xx/xxxx, i sent a secure message to chase requesting that the refund be transferred to one of my open chase cards. i also followed up with a phone call that same week, and the representative i spoke to informed me that funds that are sent to closed accounts would be sent via check through the mail and could not be transferred to any existing accounts. on xx/xx/xxxx, i received a letter from chase indicating that my "" disputed charge '' would remain on my account and "" the merchant is not willing to credit your account. '' i followed up with a phone call to chase describing that this was a refund, not a dispute. the representative informed me that they did not have access to closed accounts. i explained my previous attempts via phone and message to locate these funds. they informed me to try to send a secure message again this time emphasizing that the refund i am looking for is on a closed account and that the previous representative may have looked for the refund on a different account. on xx/xx/xxxx, i sent another secure message with this information as well as the emails i received from the merchant about the refund ( see attachment ).  on xx/xx/xxxx, i received a letter from chase with similar language about "" the merchant is not willing to credit your account '' and "" we consider the charge valid based on the results of our research '' ( see attachment ). on xx/xx/xxxx, i followed up with the merchant, xxxx xxxx, requesting an alternate way to receive this refund given that my credit card company apparently can not locate the funds. on xx/xx/xxxx, the merchant provided a screenshot with their records that the funds had been refunded ( see attachment ). this was my last exchange trying to resolve this between the credit card or the merchant.",-1,0.0,-1_the_xxxx_to_and
"i deposited a check that was endorsed to two parties, and was told i needed verification of the funds. once verification was received my account was still closed and i was told my accounts remaining balance would be mailed to me. one check for the balance and another for the held funds of {$24000.00}. i was informed it would take 7 business days from xx/xx/2019. i received the funds two weeks later for an amount of xxxx, but i never received my check for xxxx. i have called once more to inquire and was told they could not see that account or any notes on my accounts closure what so ever. it was as if i never had this problem. i have the receipt of my deposit as well. i just want my money, i have been back and forth with the bank the entire month until they finally decided to do called mail everything and i have yet to receive the funds. it is causing financial hardship as i need the money to pay off a loan to lower my monthly dti and buy my home. this has been a financial hardship on my not only losing my account but that amount of money to be held is absolutely ludicrous.",-1,0.0,-1_the_xxxx_to_and
"i overdrew my account due to errors related to my xxxx xxxx transactions for {$100.00} and {$230.00} on xx/xx/2019 resulting in two overdraft fees of {$34.00} each, one stop-payment fee of {$30.00}, and additionally, two returned payment fees of {$34.00} each on xxxx  bill of {$5.00} and my electric bill of {$120.00}. i called many times to get those fees reversed. they only waived {$12.00} out of the total of {$170.00} in overdraft and other fees charged to my checking account.",-1,0.0,-1_the_xxxx_to_and
i checked my credit reports and noticed the inquiry on there but have not done any business with this company. they will not remove it.,-1,0.0,-1_the_xxxx_to_and
i purchase is an airline ticket on xx/xx/xxxx and it was xxxx dollar but the i realize it was the wrong airport so i called right away to cancel the ticket and since it was before 24 hours so i could cancel it and get a refund which is what supposed to post in my account in 5 days and on xx/xx/xxxx i got the money back so i purchase another airline ticket with the same money that i got back but it was xxxx dollar and the money was taking out of my available balance on xx/xx/xxxx but it was saying pending on the statement but it was out of my available balance already on xx/xx/xxxx the xxxx dollar was taking again out of my account but showing in my account as it was only one charge .. and i am not even able to see the first airline ticket or the refund on my statement because they said it was dropped charge like it was never happened but it did happened..thats not the first time this happened it did happened before but i usually get the money back after the weekend on monday but this time no it did got back .. i tried calling them and they explaining but they only say one thing.. i dont see it on the statement.. so why i cant see my purchase for the first airline ticket that it was refunded.. this is my money and i am supposed to see all the charges i made and the refund on my account.. i am missing xxxx dollar from my account which is got disappeared from my bank account and i need to get this money back i dont know what to do,-1,0.0,-1_the_xxxx_to_and
"i purchased tickets ( using my xxxx xxxx xxxx chase credit card ) for my family of four and my two parents to go overseas from the us to xxxx for the first time last fall. i purchased through a discount airline ( xxxx ), as it would not have been financially possible with another carrier. our tickets were round trip, not purchased as individual one way fares. four tickets were purchased for my family on xx/xx/xxxx ( and my parents tickets were purchased xx/xx/xxxx. all six of us flew from the us xx/xx/xxxx. my family of four were set to return xx/xx/xxxx, with my parents set to return xx/xx/xxxx. 

as xxxx airlines began experiencing financial difficulties, they started changing and cancelling flights. my return was cancelled because my flight from xxxx to xxxx wasnt being flown. i was told by xxxx if i could get to xxxx on another airline, i could catch a flight from xxxx back to the us with xxxx. needing to get back to work as a teacher, i booked 4 flights from xxxx to xxxx at my own expense. two days later xxxx failed altogether. my new tickets to xxxx were now worthless as xxxx could no longer able to get me back to the us and no other carriers had flights to my destination. 

because of this, i was forced to buy new tickets from xxxx to the us on united airlines for all 6 passengers. obviously, this caused some serious stress throughout our trip and also some serious financial strain that was unexpected. the return flight i purchased were as much as the round trip tickets i had originally purchased on wow, so my airfare essentially doubled. 

upon contacting chase when i got home, i was told that i would only partially be refunded because i was provided partial service. the customer service representative and supervisor ( both of which were friendly ) equated it to buying a pair of pants and a shirt. if the pants were not acceptable, i still have to pay for the shirt. my contention is a little different. i purchased 6 round trip tickets, all part of the same trip. the service i purchased was to get me to my destination and get me back to my origin all as one transaction. 

i was not left in a better position by being flown across the world and left with not so much as an email from xxxx that they were closing. i incurred additional flight, lodging, food, etc. my questions for the representatives were simple, but with no adequate responses. 

1. if i buy a flight with a connection, if i am flown to the connecting city, but not flown to my destination, is this considered a service? should i have to pay for part of a flight? 
2. if i pay someone to put on a new roof, and they tear it off, but dont put new shingles back on, do i have to pay for partial service? 

in both of these cases, just like my case, we were not left in a better position. we were most definitely left in a much worse position. if xxxx was still in business, i would be asking them for a complete refund, and if that did not work, i would be suing them for damages. according to xxxx xxxx xxxx, which would have applied if they were still in business, i would have been entitled to xxxx euros per flight for the original cancellation of my return as well as the cancellation of the rescheduled flight. they would also be liable for lodging, new flights booked, food etc. in total, this would add up to literally $ xxxx. 

yet, i am being told by chase, that xxxx in some way provided me something for which i should be grateful enough to pay {$1500.00} of the original {$3000.00}. 

in actuality, it seems much more likely that chase is not willing to take on this liability since xxxx is not here anymore to refund me the money. however, this is why i use my credit card to make these purchases consumer protection. 

i have worked through multiple levels of employees, but non have been empowered to make an actual decision beyond "" sorry, company policy. ''",-1,0.0,-1_the_xxxx_to_and
multiple times with the latest being xx/xx/xxxx chase has manipulated the order credits and debits come out of the account so they can collect late fees. i have receipts and screen shots showing a positive balance after a deposit and the next morning there are multiple bounced checks. first time i brought this up it was made right and i was told deposits have to be made before xxxx no mention of eastern time. this last time i made sure my deposit was before xxxx and now they are saying xxxx eastern. their reps should no this stuff. on top of this they organize the transactions so they can maximize the amount of things over drafting. they had a class action lawsuit xxxx dealing with this exact same thing.,-1,0.0,-1_the_xxxx_to_and
"chase bank refuses to reverse a completely fraudulent charge from xxxx that was not authorized by me. i have contacted both chase and xxxx to solve the matter amicably but they both refuse to reverse the charge that was billed fraudulently. i informed both chase and xxxx that my computer had been accessed without my knowledge and billed as my xxxx and credit card credentials are saved in my computer. my personal computer had a series of new browser history in which i had not searched, websites i had not visited, and numerous other indications that someone had been using my computer. xxxx is taking advantage of the matter by agreeing that it was a fraudulent charge but keeping the money regardless. 

they stated the following : "" my name is xxxx and i work here at xxxx. 

thank you for reaching out although i'm sorry to hear about this situation. 

we are also unable to intervene when credentials ( ex : device ) and/or accounts are shared, so we are unable to mediate or assist with this dispute. '' chase sapphire preferred has been equally unhelpful stating that xxxx  has supplied evidence of the charge : "" my ip address, id, and email '' .... after i had already informed them that all the aforementioned is accessible from my computer as xxxx has a copy of my driver 's licence saved as a verified user and there is a copy of my driver 's licence my computer, my computer was used ( ip address match ), and the login to my email and xxxx is saved and so is my credit card for quick checkout. i have spoken to several representatives who are snarky, condescending, and smug. 

the following is information regarding the fraudulent charge. 

confirmation code xxxx total cost {$1900.00} fri, xx/xx/xxxx mon, xx/xx/xxxx my card type : chase sapphire preferred if the matter is not resolved i am planing on legal action. i am also filing a police report. i will be closing all accounts with chase, xxxx, and prompting all of my family members to do the same.",-1,0.0,-1_the_xxxx_to_and
"i opened the saving account for the {$25.00} bonus. i was supposed to received the {$25.00} bonus after 3 consecutive auto transfers from checking to savings. i notice on xx/xx/2019 that automatic transfer was cancelled for not enough funds into my checking 's account. therefore, i put enough funds in my account on xx/xx/2019 requested that the executive team reactivate my automatic transfer for the month of xxxx. although ms. xxxx reached out to me from the executive office, she failed to try to resolve my concerns ( case # xxxx ).",-1,0.0,-1_the_xxxx_to_and
"on more than one occasion my bank ( chase ) has charged me multiple overdraft fees towards my account. and it has to do with the way they process charges as they hit my account. they will take the largest item first, which will overdraw my account, and then charge smaller items afterwards. back on xx/xx/xxxx, this very same thing happened. we had a balance of {$130.00} and i had 3 charges come in to my accountone for {$350.00}, one for {$69.00} and another for {$46.00}. the bank ran all of these in that order and subsequently charged me 3 overdraft fees in the amount of {$34.00} each. when i called to complain about this practice they said they do it that way because they feel that larger items are more important items like house payments, car payments, etc. the bank has reimbursed us before for this practice, but told me this is a one-time courtesy and will not do it again. 
had those charges been done in reverse order, we would have had only one charge. in my opinion, as well as the rep from your agency, this is a shady business practice and a way for a bank to make more money off of people struggling to make it through until payday!! 
and this continues to happen to this day",-1,0.0,-1_the_xxxx_to_and
"chase is marketing credit cards to those of us with good credit like it's going out of style. be careful - the marketing is not clear. if you already have a swa chase personal card, do not apply for the new one online. this has sent me through a xxxx triangle, wasting my time and therefore money. 

it appears in the middle of xx/xx/2018, chase expanded their undisclosed 5/24 rule to include all co-branded cards, not just swa, yet the marketing machine continues to ignore this policy and the agents on the phone are not well trained. i am contacting the credit bureau b/c two of the cards opened are not mine - that is the silver lining here. 

however, the issue with incessant marketing of their branded cards to customers, plus this confusing 5/24 rule and lack of agent phone training, is false advertising. the information is still relatively opaque, as chase never comments on the 5/24 rule, but multiple reader and community data points suggest denials due to 5/24 for cards previously exempt. 

cfpb staff, please help educate consumers and hold the big banks accountable for deceptive trade practices. i do not believe this is intentional on chase 's part, but the second to last agent did encourage me to file a complaint here, so be it. 

thank you! 

xxxx",-1,0.0,-1_the_xxxx_to_and
my name is xxxx xxxx. i have missed a payment in xx/xx/2018 and was 30 days past due but now current. i applied numerous times for a loan modification to get loss mitigation assistance but did not get any help. chase only gave me a loan forbearance option. i am xxxx xxxx xxxx and have an issue with refinancing since my dti is too high because of excessive debt so i get declined every time and my credit score is too low at xxxx.,-1,0.0,-1_the_xxxx_to_and
"on xx/xx/2019, a xxxx xxxx purchased a xxxx xxxx  for {$350.00} from me using xxxx, which was linked to my chase account. i withdrew the funds to my chase checking account on the same day. 

on xx/xx/2019, i was notified by xxxx that xxxx 's bank had issued a chargeback and chase took the amount directly from my checking account. 

i opened a dispute with chase on xx/xx/2019 and explained my situation. 

on xx/xx/2019, i received paper mail from chase notifying me that they had denied my appeal and are taking my {$350.00} to return to xxxx.",-1,0.0,-1_the_xxxx_to_and
chasemortgagehasautomaticallydeducted2mortgagepaymentsfrommyxxxxxxxxcheckingaccountwithoutmypermission.iamnotsetupuponautomaticpayments.ididnotauthorizethemtodeductandiamcurrentonmyloan.,-1,0.0,-1_the_xxxx_to_and
"i have contacted jp morgan chase as well as xxxx credit reporting about a chase credit card that i closed in xxxx of 2018. for some reason, on xxxx only ( out of all 3 credit bureaus ) xxxx is reporting that i have 3 chase credit card accounts. two of those  supposed "" credit card accounts '' have the exact same account numbers. one of those accounts, shows that the balance is paid in full and closed. the second credit card account, again with the same exact credit card number is showing and continues to show that i have an outstanding balance of {$6800.00}. which is a totally false statement. 

despite my making disputes with both chase and xxxx, as of today, this still shows as an open debt of {$6800.00}. and it is showing that i am continuing to use 159 % of the available credit to me. how does this continue to go on? it has been 6 months of xxxx. i can not refinance my mortgage. i am fully prepared to sue both chase bank and xxxx  if necessary.",-1,0.0,-1_the_xxxx_to_and
"my situation started when i received a payment of {$4100.00} from an unknown business that operates in colorado. following this situation a person called me claiming to be partners with the company that sent me the money, this person told me that he was interested in giving me a job, the job was to take the amount of {$4100.00} out of my bank account ( the money he sent ) through the atm and deposited into one of his accounts. i immediately knew that something wasnt right. so what i did was i send the money back to the original sender ( company in colorado ) in two electronic  payments of {$2000.00} each totaling {$4000.00}. 
a day after i completed this transactions the bank froze my account, i went to the bank and spoke with the claims department and notified them about this issue, i also notified them that i sent the companys money back to them and that i only needed to send back {$170.00} more. now this company in colorado made a claims against the original transaction, which the bank ( knowing about the fact that i gave them their money back ) approved their claim and debited my account for the total of {$4100.00} creating an overdraft in my account. so now this company in colorado have kept {$4000.00} extra out of my expense because the bank forgot about the two transactions of {$2000.00} that i sent back. i called the bank so that they could reverse the two transactions of {$2000.00} each and they denied my claim. i think this is really unfair because the bank should be responsible for this matter since they authorized a debit to my account knowing that i gave the money back to the original sender. now im negative {$3000.00} in my account and the bank is telling me that i have to pay for it.",-1,0.0,-1_the_xxxx_to_and
"action taken by the company between the dates of xx/xx/xxxx - xx/xx/xxxx an individual ( or group of individuals ) contacted chase claims and opened multiple claims that reversed payments to creditors authorized by me and then used the credited reversed funds and fees to make unauthorized transactions. 

xx/xx/xxxx : 1. claim # : xxxx an unauthorized claim was made by an individual or group of individuals that retroactively reversed a payment on a personal loan to pave for {$360.00} from xx/xx/xxxx. 
2. claim # : xxxx an unauthorized claim was made by an individual or group of individuals that retroactively reversed three payments of {$190.00} made to xxxx xxxx on behalf of xxxx xxxx to pay off a credit card. the date ( s ) of the reversed payment ( s ) occurred on xx/xx/xxxx, xx/xx/xxxx, and xx/xx/xxxx. 
xx/xx/xxxx 1. claim # : xxxx an unauthorized claim was made by an individual or group of individuals that retroactively reversed five payments of {$190.00} from xxxx xxxx to xxxx xxxx to xxxx. the five payments that were reversed from xx/xx/xxxx, xx/xx/xxxx, xx/xx/xxxx, xx/xx/xxxx, and xx/xx/xxxx. 
2. claim # : xxxx an unauthorized claim was made by an individual or group of individuals that retroactively reversed four payments to xxxx xxxx - three payments of {$180.00} and one payment of {$240.00}. the payment dates were xx/xx/xxxx, xx/xx/xxxx, xx/xx/xxxx, and xx/xx/xxxx. 
xx/xx/xxxx 1. claim # : xxxx an unauthorized claim was made by an individual or group of individuals that retroactively reversed an authorized hoa payment to xxxx xxxx xxxx xxxx dues. a payment in the amount of {$230.00} was reversed from xx/xx/xxxx. 
2. claim # : xxxx an unauthorized claim was made by an individual or group of individuals that retroactively reversed three payments made to xxxx in the amount of {$360.00} from xx/xx/xxxx, xx/xx/xxxx, and xx/xx/xxxx. 
3. claim # : xxxx an unauthorized claim was made by an individual or group of individuals that retroactively reversed two payments made to xxxx in the amount of {$210.00} from xx/xx/xxxx and xx/xx/xxxx. 
4. claim # : xxxx an unauthorized claim was made by an individual or group of individuals that retroactively reversed two payments made xxxx xxxx in the amount of {$190.00} from xx/xx/xxxx and xx/xx/xxxx. 
xx/xx/xxxx 1. claim # : xxxx an unauthorized claim was made by an individual or group of individuals that retroactively reversed a payment to xxxx in the amount of {$360.00} from xx/xx/xxxx. 
two payments were reversed from xxxx xxxx in the amount of {$190.00} from xx/xx/xxxx and xx/xx/xxxx. two payments were also reversed from xxxx in the amount of {$210.00} from xx/xx/xxxx and xx/xx/xxxx. finally, a payment was reversed from xxxx xxxx xxxx in the amount of {$230.00}. 
xx/xx/xxxx claim # : xxxx i made a claim in the branch that was advised by a customer service representative. 
this advice was made when i went to close out an account after receiving a phishing email. it was then found that my debit card had been use to make multiple transactions totaling {$2800.00} between xx/xx/xxxx and xx/xx/xxxx actions i have personally taken to resolve the issue xx/xx/xxxx after beginning to receive claims paperwork, i immediately notified chase claims department. the first claims specialist i spoke with was very rude. she kept badgering me about the final transaction on my account. when i couldn't provide her the information, she to call me back when i had the proper information and hung up. i called back and spoke with a guy named xxxx. i explained the situation to xxxx. he had me verify my last know transaction. after verifying my last known transaction, xxxx took a look at the claims made from xx/xx/xxxx. i advised xxxx that these were claims that i did not call in to reverse. 

xx/xx/xxxx this was the 2nd call i would make in 48 hours. the claim 's specialist, once again, was very rude. when i called back, i told the claim 's specialist i would like to speak to a supervisor. i was put on hold for 15 minutes. i finally became frustrated and hung up. 

xx/xx/xxxx this was the 3rd attempt made to ( attempt to ) get help in recovering my money. to get any answers, i had to use a potential review to the xxxx xxxx xxxx about chase 's claims practices and protocols. i was then transferred to chase 's executive office to escalate my claim. it was at the executive office that i spoke with xxxx. xxxx opened claim xxxx on my behalf. she said once my claim was assigned to an executive office employee, that person would contact me at the number on file. 

xxxx - mid xxxx my case was assigned to xxxx in the executive office. we spent roughly 2 weeks before either one of us spoke on the phone - although she had left a handful of voicemails. i first spoke with xxxx on friday, xx/xx/xxxx. i told her about the multiple claims that were opened against an account i had since closed. she claimed she only received two of the claims against the account. after speaking with me she assured me she was going to "" investigate '' all the claims made that were made beginning at the end of xxxx. on xx/xx/xxxx, i noticed multiple payments being deducted from my chase checking account. in the description, all i saw were numbers. on xx/xx/xxxx, i called xxxx to see why money was being debited from my account. of course, all i got was xxxx 's voicemail. i left a message requesting a return call. by xx/xx/xxxx, i still had not received a return call. i called xxxx once again because money was still being debited from my account. this time i got a hold of xxxx. her explanation for the debited funds was a bit odd. she told me that while they were "" investigating '' these open claims, money was still going to be debited and there was nothing she could do about it. finally, on xx/xx/xxxx, i received a voicemail from xxxx to call her as soon as possible. i returned her call once school was dismissed for the day. it was at that point, that xxxx told me they closed their "" investigation '' of my claims and decided not to reverse their decision. when asked what research they used to complete their "" investigation '' xxxx became short and told me i would have to subpoena the information. at that point, i hung up because i felt that it was a lose lose situation.",-1,0.0,-1_the_xxxx_to_and
"i bought a new xxxx xxxx on xx/xx/xxxx from xxxx xxxx xxxx in xxxx. 
i paid the loan in xx/xx/xxxxbut chase financial never release the title. 
i contacted chase several time with no resolution. each time they told me they will release it but nothing was done. 
now i moved to another state and i can not get the registration in the other state because i do not have the title. 
i will be obliged to rent a car since i can not use my car",-1,0.0,-1_the_xxxx_to_and
"early in xxxx i became the xxxx xxxx of the us office of a xxxx company. the u.s. office of the company was incorporated in delaware as a separate entity. there is a sole owner who also owned the xxxx based entity. 
our bank was chase, and xxxx xxxx our bank contact, based on a relationship with prior foreign company i had been running at the same location with the same infrastructure and bookkeeper. xxxx relationship with mr. xxxx dated from from xxxx or xxxx. the chase relationship dated from xxxx. 

in early xxxx of xxxx i asked xxxx xxxx about a small line of credit. the company produced tv commercial and in production oftentimes equipment and locations need to be paid in advance, or require deposits. in addition there is travel. i had been using my own ( personal ) credit card. given xxxx was slow in paying us money owed, i was getting concerned. 

xxxx called me a few days later and said he had a better solution and put me in touch with xxxx xxxx, at the bank, to open a company credit card. he assured me it would be set up as a corporate card and i would have no liability. i reiterated i was doing this as i was using my own card and did not want any liability. 
the card application was made on-line during a phone call with xxxx xxxx. xxxx xxxx initiated the call.. after we spoke, he transferred me to xxxx xxxx. she guided me through the process. i specifically said to her i did not want the card if i would be liable if something happened with the company. i explained that i knew of instances where employee had cards in their names and were held liable. she clearly told me i was covered in the event of any kind of default. she told me the company was responsible and i was "" protected '' ( her word ) on that same call xxxx guided me through the on-line application. i never signed anything. the official card date of issue is xx/xx/xxxx. 

i left xxxx at the end of xx/xx/xxxx and closed the office for them, although the company was kept open. the part time bookkeeper stayed on. the xxxx company declared insolvency in xxxx of xxxx. xxxx xxxx in the us has never actually closed. the owner stopped responding to anything in xxxx. the xxxx chase bank account remains open with a small balance. 

during the last week xxxx of xxxx, when i closed the physical office of xxxx xxxx in the us. everything was given to the part time bookkeeper who was the one that handled all the financial affairs and bank business. she was known to xxxx xxxx and had interacted on a regular basis. she was given the checkbook and the card, and she had all current records. all further chase business should be would be forwarded to her p.o. box. the monthly statements had always gone to the company address. 

the day i closed the office i went up to my chase branch and spoke to my banking contact xxxx xxxx. i told him i had left and the physical office was closed. i explained that the bookkeeper was taking over. i informed him i was no longer a signatory on checks and she had the card in her possession. 
some time in xxxx i contacted xxxx on a personal banking matter and when my leaving was referenced he claimed he had no idea and denied i ever came to see him. not sure why. perhaps he genuinely forgot. i asked him if the card needed to be closed. but he was rather argumentative. he said he would take care of it. he contacted xxxx xxxx. that resulted in the following email exchange that you will see below. 

xxxx, xxxx xxxx had left xxxx xxxx this past xxxx. please advise on having him removed from these business accounts. bill can be reached at xxxx. thank you. 
regards, xxxx xxxx at that point xxxx asked me for the book keeper 's phone number which i supplied to her. that was the extent of her correspondence. the card was kept open and the bank continued to do business with the corporate entity. i heard nothing back from that point on. there was nothing from her about any liability or action regarding the card. the bank never contacted me, or sent me bills or notices, ( despite their claim to the contrary in the attached xx/xx/xxxx letter to my attorney ). nor was i informed if the account was closed or kept open, or closed. they had a home address for me, and a telephone number. xxxx xxxx did not contact me after that. as noted, she knew i was gone, and card was left open and the bank continued on doing business with the company, and payments were ongoing for a time after that. 

the monthly payments continued to be made by the company and were accepted by the bank. the last one was as of xx/xx/xxxx. at some point the xxxx based owner walked way from his obligations and it appears the card was rendered inactive. ( when i was able to retrieve all the records for the account there was nothing between that xxxx statement and one issued xx/xx/xxxx. ) however the company was never closed. and as of earlier this year there is still a bank account with a balance. however the account has been frozen. 

most importantly that correspondence from xxxx xxxx was the last i heard from chase or anyone about he account, until saturday xx/xx/xxxx. this was over two years after leaving the company. i received the attached notice, mailed to my home, from xxxx xxxx. i had never received a bill or notice at my home address. 

i contacted xxxx xxxx by email about it. her email response : i have looked into the credit card ending in xxxx this credit card is issued in the business name, with your self as personal guarantor. that is why i believe you are getting the communication from xxxx xxxx. the last transaction on the card ( purchase transaction ) is from xx/xx/xxxx, but there were payments made each month until xx/xx/xxxx at which time the payments stopped and a late fee has been charged plus the interested each month. 

( e-mails are attached ) i further asked her about any signature and a closing date. her response : i am looking into a documentthere may not be one, as one wasnt needed in xxxx opened xx/xx/xxxx, there is no closed date listedit is in charged off status she also told me statements were available on line. they were not. i called the bank 3 times and they promised statements within 10 days at my home address. they never came. i was finally able to get them printed at a branch. 

the notices continued with xxxx offering to reduce the amount of {$29000.00} to around {$11000.00} and a proposed payment plan. i hired legal representation. my attorney then contacted xxxx and said all correspondence should go to him. he explained our stance that i am not liable and this is corporate debt, and outlined the reasons. at that point xxxx returned the debt to chase. chase then responded to my lawyer in correspondence received xx/xx/xxxx. ( attached ). a summation from my lawyer : chase finally responded. they claim you are responsible personally because you applied in your name with your ssn. they attached a form showing the information. they also attached an agreement that says, in its section headed legal responsibility that says that the person who applied for the account and gave his/her ssn is responsible. 
chase closes by pointing out that they may close out the account if it is not paid and then report the debt as forgiven,,, the irs will expect you to pay income taxes on the amount forgiven, {$29000.00} as of xx/xx/xxxx. 

they further claimed in the attached document that "" we kept sending monthly statements to xxxx xxxx xxxx until the account charged off on or about xx/xx/xxxx. '' this is not true. 

in referencing my liability they used my home address in xxxx on xxxx. i never received a bill or notice there during the entire time the account was opened and closed. that address was only used by the collection agency. and my last communication was in xx/xx/xxxx with xxxx xxxx and xxxx xxxx. 

on xx/xx/xxxx, my attorney sent a letter to the xxxx owner notifying him of the debt. ( attached ). he has not responded, on xx/xx/xxxx my lawyer called the bank at the number provided on the xx/xx/xxxx correspondence that was sent by the bank after xxxx xxxx returned the debt to the bank. he asked that the irs debt forgiveness be assigned to xxxx and not me. and said if paid a small amount just to end this and so as not to keep paying him was that possible. they said no to both. they advised him to write to a chase address in delaware. my lawyer sent a letter to chase at the delaware address ( attached ) on xx/xx/xxxx of xxxx. in early xxxx we had not heard from the delaware office. they finally returned a call to my lawyer on xx/xx/xxxx. the person from chase said they had not read the letter and further stated he had been told the xx/xx/xxxx letter was valid. my lawyer responded that the letter raised specific questions and we wanted answers to those questions. the representative said he would report back the comments. we have yet to hear back. 

in addition to the irs, this has also been reported to the major credit bureaus. my credit record was excellent until this appeared.",-1,0.0,-1_the_xxxx_to_and
"hello - i applied for a credit account with amazon and was denied credit. i subscribe to xxxx credit reporting services,, so i was notified immediately that a hard inquiry had taken place by "" chase card '' and that the company had pulled my credit report. okay, so i understand that. this was on friday, xx/xx/2019. i did not apply for credit following that. imagine my surprise when i got another alert on saturday afternoon, xx/xx/2019. the alert said that "" jpmcb card services '' had pulled my credit report ( another hard inquiry ). i immediately looked up jpmcb and it said it was a chase company. i looked up customer service so i could find out what was going on and was told that no one is available in credit reporting on the weekends - only monday- friday. i was understandably upset as i had not applied anywhere on saturday. what if someone was attempting to obtain credit under my name, i asked? i was told that they still couldn't help me since it was the weekend. what kind of company in this day and age of security breaches does not have someone available on the weekends? if credit is able to be pulled on the weekends, someone should be available on the weekends to assist should there be an issue. i still have no resolution nor any indication of why my credit would be pulled when i did not ask for it to be, particularly when it was an additional hard inquiry and i do not have an account with chase.",-1,0.0,-1_the_xxxx_to_and
xxxx xxxx xxxx inquiry on xx/xx/xxxx xxxx  xxxx xxxx inquiry on xx/xx/xxxx jp morgan chase inquiry on xx/xx/xxxx xxxx xxxx inquiry on xx/xx/xxxx xxxx xxxx xxxx xxxx xxxx xxxx- xx/xx/xxxx the inquires were not authorized and i dont recognize them,-1,0.0,-1_the_xxxx_to_and
"i found that jpmcb-card service has pulled my credit score on xx/xx/2018, without my knowledge, consent, and request. i even don't know what is jpmcb. 

remove this incorrect reporting from my report. else provide me the evidences showing my credit card application with jpmcb card service.",-1,0.0,-1_the_xxxx_to_and
"in xx/xx/2019, several transactions on my chase checking account was fraudulent so i filed a report with chase. instead of helping me, chase closed all my accounts and refused to have a banking relationship with me from then on. then chase froze all my money for a month and eventually sent me a balance after i had filed a complaint with cfpb. now a month later, chase tries to collect {$190.00} in debt that i have no idea where it came from. chase said the balance was a result of a fraudulent transaction that chase decided that i was responsible for.",-1,0.0,-1_the_xxxx_to_and
"someone called stating i had felony committed under my social security number and name. took xxxx out of my checking account to "" secure my assets "". stating from police department.",-1,0.0,-1_the_xxxx_to_and
i upgraded my xxxx xxxx card in xx/xx/2018 and was told by the agent who did the upgrade my anniversary date would not change. it turned the agent was giving me the wrong information in order to upgrade the account. xxxx   changed my anniversary date from xx/xx/xxxx to xx/xx/xxxx without my consent! xxxx has the recording of the agent who was misled me.,-1,0.0,-1_the_xxxx_to_and
on xx/xx/2019 i made a deposit into my chase bank personal checking account in the amount of {$20000.00} i waited the 10 business days it takes for a deposit of that size to clear and post to my account which it did no problem however as soon as the money posted to my available balance my account was locked and ultimately closed for whatever reason im not sure ok fine not the problem its going into xxxx now and i still havent received my funds and after speaking with my personal banker i was informed that indeed a check had been made but theyre refusing to send it to me and i feel like theyre discriminated against me for my age or something im not sure what the problem is because i also had a business account with them that was closed the same time with {$17000.00} in it and they didnt have any problems cashing me out the entire amount in the branch however i still havent received my {$20000.00} from my personal account even though i know a check has been made theyre essentially refusing to give it to me going on a month now without my money,-1,0.0,-1_the_xxxx_to_and
i am a senior citizen that has been scammed by several companies from xxxx to xxxx. i have paid over {$17000.00} to these time share companies and they have did nothing at all. they were all misleading and i have tried to get a refund from them and my credit card. i have been unsucceful. i have all the information on every company that i have paid.,-1,0.0,-1_the_xxxx_to_and
"chase card was reported on xx/xx/2019. however, fraudulent application have been submitted my identity without my consent to fraudulently obtain services. do not extend credit without verifying the identity of the applicant.",-1,0.0,-1_the_xxxx_to_and
i have been trying to do a loan modification with chase and all they do is give me the runaround i'm 72 mo behind they dont let me make payments i have aens all doc in but always asking more,-1,0.0,-1_the_xxxx_to_and
"some 3rd party fraudulent xxxx account made more than a dozen unauthorized transactions ( total close to {$20000.00} ) into my chase savings bank account. these transactions spanned over a period of 6 months ( xx/xx/2018 - xx/xx/2018 ). 

upon reporting ( on xx/xx/2018 ) to chase bank about the fraudulent transactions, chase returned roughly {$1800.00} back which fell in the first 60 days of the first unauthorized transaction. chase notified me that they are not able to recover any additional funds beyond first 60 days because they have liability for 60 days only and that ideally i should have called them within first 60 days of the first transaction. since then i have added additional alerts on my bank account to monitor it more closely. 

i called xxxx right away and reported those same transactions almost the same time as i reported to chase. xxxx requested me to go back to chase bank and ask chase bank to file ach return request. xxxx assured that as soon as they received the ach return request from chase they will return all the remaining funds back to me. 

after multiple follow ups, chase finally filed ach late return request to return the funds to the originating bank. however, chase filed these ach late return requests with xxxx xxxx ( another bank which had pulled the money in the first place ) and not xxxx ( who is the merchant ). multiple chase bank representatives assured me that this is the right way to do it and this is the only way chase bank can do it. 

it's been more than 2 months since the ach late return requests were made to xxxx xxxx but they have not responded. chase bank waits for 2-3 weeks for xxxx xxxx to respond and after that makes a new request to recover funds. however till date xxxx xxxx has not responded and i have not received my money even though xxxx have told me that they will return all funds. 

i keep following up with both chase and xxxx every 1-2 weeks but i'm not getting much luck with either one of them. often times i get different confusing answers from both chase and xxxx. 

many tell me that the fact that xxxx xxxx is not responding to chase is not normal. one bank   ought to respond when the other is trying to talk. 

i need help from chase, xxxx and xxxx xxxx to get my {$18000.00} back.",-1,0.0,-1_the_xxxx_to_and
"my personal information was used without my knowledge and because of several phone calls from creditors that did not belong to me, that prompted me to check my credit. according to xxxx and xxxx xxxx my personal information was exposed in both of their data breaches. xxxx, then confirmed that i was one of the individuals whose data was exposed twice this year alone. to date, i have noticed that there are several inquiries and credit accounts that were not requested by me were listed on my credit report. ive filed an identity theft report with the ftc and a police report. the ftc identity theft report number is xxxx",-1,0.0,-1_the_xxxx_to_and
"jp morgan chase bank, please answer the following questions : 1. ) on xx/xx/xxxx, xx/xx/xxxx,xx/xx/xxxx, xx/xx/xxxx & xx/xx/xxxx, jpmorgan chase accessed information about me through xxxx xxxx xxxx , xxxx. 
*what was the valid reason for accessing my personal information through xxxx xxxx xxxx , xxxx? 

2. ) the chase checking account that was closed recently during xx/xx/xxxx had a routing or xxxx number of xxxx, according to checks and statements provided to me by chase. 
xxxx xxxx xxxx showed chase reporting an xxxx routing number of xxxx, before and after i had disputed the xxxx number with chase. 
*why do these two routing numbers not match? 

3. ) xx/xx/xxxx, i received a response, from xxxx xxxx xxxx xxxx, to a dispute about information chase was providing on my report. dispute case id xxxx the information chase had been submitting was deleted due to disputed info being incomplete, inaccurate or unverifiable. 
*is this true? 

once again, i have asked 3. ) * questions. 

i will send the cfpb copies of the information i have pertaining to the 3 questions in this complaint, via us mail, which are the xxxx xxxx xxxx, xxxx reports i've received. 

thank you for your attention and humbly await your response,",-1,0.0,-1_the_xxxx_to_and
"i have owned a chase ink business plus credit card for approximately 10 years and have been earning chase ultimate rewards points during that entire time. when i went to check my ultimate rewards balance yesterday, i was denied access to the site. when i called chase, they informed that my account was associated with a "" government entity '' ( it is not ), and they therefore removed me from the ultimate rewards program. i was never informed that i would be removed from ultimate rewards, so over the last 3-4 months i spent approximately {$10000.00} on my chase ink card with no rewards in return. chase also proactively liquidated my rewards account. 

when i asked why this was done without informing me, the agent referenced a change of terms notification i received in xx/xx/xxxxthat would have informed me of this action. the change of terms notification, however, did no such thing. no mention of government entity, rewards, etc. when i asked to escalate the case to resolve it, i was told that it was too late -- i missed the deadline. yes, a deadline i was never given. 

i believe this is a violation of udaap and potentially other regulations. i was misled into doing my spending on this credit card in return for rewards and have not been issued the rewards i deserved. 

alas, my research indicates others have experienced this same issue with chase.",-1,0.0,-1_the_xxxx_to_and
"i came to know about the hard inquiry on my credit score from xxxx xxxx xxxx xxxx on xx/xx/2018. it is wrong information. 

secondly, i found another wrong hard inquiry on my credit score from jpmcb card service dated xx/xx/2018. 

kindly remove both wrong information and increase my credit score accordingly.",-1,0.0,-1_the_xxxx_to_and
my chase amazon card was declined for a catering order i had placed for my brothers funeral in the amount of {$710.00}. i contacted chase around noon today xx/xx/2019 and was asked the last 4 numbers of my chase savings account and the other user on my account. i responded that i did not have a savings and i am only authorized user. customer rep told me they would call me back in 10 minutes to keep the line open. i didnt receive a call back after an hour so i contacted chase. from the first call i thought someone was using my card fraudulently. i spoke to the rep who transferred me to a supervisor xxxx who said the card was activated and the transaction would process. called the catering company and card was declined. i then used my xxxx  xxxx card to pay for the order. xxxx xxxx texted me asking if i was authorizing purchase and i responded yes. contacted caterer and xxxx  xxxx was declined. i contacted chase again spoke to rep was told the initial questions are used to trick people to see what there answer would be. she told me the cvv code was incorrectly being input by the caterer and i responded that i had gone over the numbers and cvv used was correct. she told me the card was cleared for the purchase and she would monitor it for 24 hours. called caterer - card declined. use a mastercard  which processed. went to use chase amazon at restaurant at xxxx pm tonight in the amount of {$63.00} - it was declined. i was told by chase i was not over limit. still frustrated figuring out multiple declines after several conversations with chase stating the card would be ok to use. embarrassed as the caterer kept suggesting i was over my limit which i pay my card in full every month and chase confirmed that i was under my limit with the {$710.00} transaction. never been declined by either chase or xxxx  xxxx before - today after multiple assurances that i was all set and card would be monitored to make sure transaction would clear - it never did,-1,0.0,-1_the_xxxx_to_and
xx/xx/2019 {$200.00} for joining chase bank checking and setting up direct deposit. i set up direct deposit. got my first deposit xx/xx/xxxx. 10 days later i received nothing. i called the bank and they said i needed a coupon code ( i didn't need one because i applied through the link that automatically applies it. ) i showed them the code and than they said i was not eligible because it wasnt soon enough. it cant be over 90 days well i set up mine within 30 days.,-1,0.0,-1_the_xxxx_to_and
